{"count":1,"self":115.3437568,"total":120.64988319999999,"children":{"InitializeActuators":{"count":1,"self":0.0020012999999999997,"total":0.0020012999999999997,"children":null},"InitializeSensors":{"count":1,"self":0.0020001999999999997,"total":0.0020001999999999997,"children":null},"AgentSendState":{"count":5773,"self":0.564591,"total":0.6293095,"children":{"CollectObservations":{"count":5773,"self":0.0171411,"total":0.0171411,"children":null},"WriteActionMask":{"count":5773,"self":0.010998599999999999,"total":0.010998599999999999,"children":null},"RequestDecision":{"count":5773,"self":0.0365788,"total":0.0365788,"children":null}}},"DecideAction":{"count":5773,"self":4.6267048,"total":4.6522694,"children":{"RayPerceptionSensor.Perceive":{"count":5773,"self":0.025564399999999998,"total":0.025564399999999998,"children":null}}},"AgentAct":{"count":5773,"self":0.020543799999999997,"total":0.020543799999999997,"children":null}},"gauges":{"KartAgent.CumulativeReward":{"count":2,"max":511.2475,"min":497.345825,"runningAverage":504.296661,"value":511.2475,"weightedAverage":500.821228}},"metadata":{"timer_format_version":"0.1.0","start_time_seconds":"1681238140","unity_version":"2021.3.4f1","command_line_arguments":"F:\\Games\\2021.3.4f1\\Editor\\Unity.exe -projectpath F:\\Programming\\Unity\\Machine-learning-game\\Machine Learning Game -useHub -hubIPC -cloudEnvironment production -licensingIpc LicenseClient-esst9 -hubSessionId ef840370-d846-11ed-8c57-0d3ee8cbcdca -accessToken exbfxHIxGUt70UkYEw87uWsGmBAUp1LNYmFSyFXmJnU005f","communication_protocol_version":"1.5.0","com.unity.ml-agents_version":"2.0.1","scene_name":"Racing","end_time_seconds":"1681238261"}}