{
    "name": "root",
    "gauges": {
        "KartAgent.Policy.Entropy.mean": {
            "value": -1.090374231338501,
            "min": -1.0919781923294067,
            "max": 1.4427028894424438,
            "count": 947
        },
        "KartAgent.Policy.Entropy.sum": {
            "value": -10886.296875,
            "min": -11531.2900390625,
            "max": 15256.12890625,
            "count": 947
        },
        "KartAgent.Step.mean": {
            "value": 9469984.0,
            "min": 9984.0,
            "max": 9469984.0,
            "count": 947
        },
        "KartAgent.Step.sum": {
            "value": 9469984.0,
            "min": 9984.0,
            "max": 9469984.0,
            "count": 947
        },
        "KartAgent.Policy.ExtrinsicValueEstimate.mean": {
            "value": 13.061837196350098,
            "min": -3.60040283203125,
            "max": 17.340776443481445,
            "count": 947
        },
        "KartAgent.Policy.ExtrinsicValueEstimate.sum": {
            "value": 2050.70849609375,
            "min": -561.662841796875,
            "max": 2775.72021484375,
            "count": 947
        },
        "KartAgent.Losses.PolicyLoss.mean": {
            "value": 0.04644370473990286,
            "min": 0.03392124827951192,
            "max": 0.056119948854699495,
            "count": 947
        },
        "KartAgent.Losses.PolicyLoss.sum": {
            "value": 0.2786622284394171,
            "min": 0.20352748967707154,
            "max": 0.39283964198289645,
            "count": 947
        },
        "KartAgent.Losses.ValueLoss.mean": {
            "value": 15.860092971060013,
            "min": 0.11571103013637994,
            "max": 17.408321090097783,
            "count": 947
        },
        "KartAgent.Losses.ValueLoss.sum": {
            "value": 95.16055782636008,
            "min": 0.6942661808182796,
            "max": 113.61373652882047,
            "count": 947
        },
        "KartAgent.Policy.LearningRate.mean": {
            "value": 0.00024320814693062402,
            "min": 0.00024320814693062402,
            "max": 0.000299967744010752,
            "count": 947
        },
        "KartAgent.Policy.LearningRate.sum": {
            "value": 0.0014592488815837442,
            "min": 0.0014592488815837442,
            "max": 0.00209935488021504,
            "count": 947
        },
        "KartAgent.Policy.Epsilon.mean": {
            "value": 0.18106937600000003,
            "min": 0.18106937600000003,
            "max": 0.19998924799999998,
            "count": 947
        },
        "KartAgent.Policy.Epsilon.sum": {
            "value": 1.0864162560000001,
            "min": 1.0864162560000001,
            "max": 1.3997849600000003,
            "count": 947
        },
        "KartAgent.Policy.Beta.mean": {
            "value": 0.0004072399424,
            "min": 0.0004072399424,
            "max": 0.0004999473151999999,
            "count": 947
        },
        "KartAgent.Policy.Beta.sum": {
            "value": 0.0024434396544,
            "min": 0.0024434396544,
            "max": 0.0034989463040000003,
            "count": 947
        },
        "KartAgent.IsTraining.mean": {
            "value": 1.0,
            "min": 1.0,
            "max": 1.0,
            "count": 947
        },
        "KartAgent.IsTraining.sum": {
            "value": 1.0,
            "min": 1.0,
            "max": 1.0,
            "count": 947
        },
        "KartAgent.Environment.EpisodeLength.mean": {
            "value": 2799.0,
            "min": 798.0,
            "max": 2799.0,
            "count": 304
        },
        "KartAgent.Environment.EpisodeLength.sum": {
            "value": 33588.0,
            "min": 9576.0,
            "max": 33588.0,
            "count": 304
        },
        "KartAgent.Environment.CumulativeReward.mean": {
            "value": 240.83978470533233,
            "min": -13.0816721587665,
            "max": 422.5915136228529,
            "count": 314
        },
        "KartAgent.Environment.CumulativeReward.sum": {
            "value": 2890.077416463988,
            "min": -214.70362184057012,
            "max": 5071.098163474235,
            "count": 314
        },
        "KartAgent.Policy.ExtrinsicReward.mean": {
            "value": 240.83978470533233,
            "min": -13.0816721587665,
            "max": 422.5915136228529,
            "count": 314
        },
        "KartAgent.Policy.ExtrinsicReward.sum": {
            "value": 2890.077416463988,
            "min": -214.70362184057012,
            "max": 5071.098163474235,
            "count": 314
        }
    },
    "metadata": {
        "timer_format_version": "0.1.0",
        "start_time_seconds": "1681226422",
        "python_version": "3.7.3 (v3.7.3:ef4ec6ed12, Mar 25 2019, 22:22:05) [MSC v.1916 64 bit (AMD64)]",
        "command_line_arguments": "F:\\Programming\\Unity\\Machine-learning-game\\Machine Learning Game\\venv\\Scripts\\mlagents-learn config/KartAgent.yaml --run-id=KartTest16",
        "mlagents_version": "0.29.0",
        "mlagents_envs_version": "0.29.0",
        "communication_protocol_version": "1.5.0",
        "pytorch_version": "1.7.1+cu110",
        "numpy_version": "1.21.2",
        "end_time_seconds": "1681237893"
    },
    "total": 11470.366654,
    "count": 1,
    "self": 0.5683488999984547,
    "children": {
        "run_training.setup": {
            "total": 0.11973210000000001,
            "count": 1,
            "self": 0.11973210000000001
        },
        "TrainerController.start_learning": {
            "total": 11469.678573000001,
            "count": 1,
            "self": 17.562854499685272,
            "children": {
                "TrainerController._reset_env": {
                    "total": 30.172063599999998,
                    "count": 1,
                    "self": 30.172063599999998
                },
                "TrainerController.advance": {
                    "total": 11413.226302700317,
                    "count": 789765,
                    "self": 14.494605300296826,
                    "children": {
                        "env_step": {
                            "total": 8008.1123630996935,
                            "count": 789765,
                            "self": 6058.305370899521,
                            "children": {
                                "SubprocessEnvManager._take_step": {
                                    "total": 1937.912745000172,
                                    "count": 789769,
                                    "self": 72.51892529956649,
                                    "children": {
                                        "TorchPolicy.evaluate": {
                                            "total": 1865.3938197006055,
                                            "count": 789769,
                                            "self": 1085.1792711004755,
                                            "children": {
                                                "TorchPolicy.sample_actions": {
                                                    "total": 780.2145486001301,
                                                    "count": 789769,
                                                    "self": 780.2145486001301
                                                }
                                            }
                                        }
                                    }
                                },
                                "workers": {
                                    "total": 11.894247200000883,
                                    "count": 789764,
                                    "self": 0.0,
                                    "children": {
                                        "worker_root": {
                                            "total": 11202.657394899645,
                                            "count": 789764,