{
    "name": "root",
    "gauges": {
        "KartAgent.Policy.Entropy.mean": {
            "value": -1.3484225273132324,
            "min": -1.3520857095718384,
            "max": -1.2657324075698853,
            "count": 68
        },
        "KartAgent.Policy.Entropy.sum": {
            "value": -13767.39453125,
            "min": -13777.75390625,
            "max": -4862.8935546875,
            "count": 68
        },
        "KartAgent.Step.mean": {
            "value": 11919981.0,
            "min": 11249943.0,
            "max": 11919981.0,
            "count": 68
        },
        "KartAgent.Step.sum": {
            "value": 11919981.0,
            "min": 11249943.0,
            "max": 11919981.0,
            "count": 68
        },
        "KartAgent.Policy.ExtrinsicValueEstimate.mean": {
            "value": 3.5282669067382812,
            "min": 3.1126997470855713,
            "max": 10.659270286560059,
            "count": 68
        },
        "KartAgent.Policy.ExtrinsicValueEstimate.sum": {
            "value": 568.0509643554688,
            "min": 500.98638916015625,
            "max": 1326.17333984375,
            "count": 68
        },
        "KartAgent.Losses.PolicyLoss.mean": {
            "value": 0.043237089559746276,
            "min": 0.03401434566411707,
            "max": 0.053325172384373024,
            "count": 68
        },
        "KartAgent.Losses.PolicyLoss.sum": {
            "value": 0.4323708955974628,
            "min": 0.07793231395383676,
            "max": 0.5314624080201611,
            "count": 68
        },
        "KartAgent.Losses.ValueLoss.mean": {
            "value": 3.0402741144100824,
            "min": 2.1467801257967953,
            "max": 10.395795313020546,
            "count": 68
        },
        "KartAgent.Losses.ValueLoss.sum": {
            "value": 30.402741144100826,
            "min": 9.751272201538086,
            "max": 83.16636250416437,
            "count": 68
        },
        "KartAgent.Policy.LearningRate.mean": {
            "value": 0.0002285110510296576,
            "min": 0.0002285110510296576,
            "max": 0.00023250881249706993,
            "count": 68
        },
        "KartAgent.Policy.LearningRate.sum": {
            "value": 0.002285110510296576,
            "min": 0.00046501762499413985,
            "max": 0.0023223065138979044,
            "count": 68
        },
        "KartAgent.Policy.Epsilon.mean": {
            "value": 0.1761703424,
            "min": 0.1761703424,
            "max": 0.17750293,
            "count": 68
        },
        "KartAgent.Policy.Epsilon.sum": {
            "value": 1.7617034240000002,
            "min": 0.35500586,
            "max": 1.7741020960000002,
            "count": 68
        },
        "KartAgent.Policy.Beta.mean": {
            "value": 0.00038323467776,
            "min": 0.00038323467776,
            "max": 0.00038976435699999995,
            "count": 68
        },
        "KartAgent.Policy.Beta.sum": {
            "value": 0.0038323467776000004,
            "min": 0.0007795287139999999,
            "max": 0.0038931002704,
            "count": 68
        },
        "KartAgent.IsTraining.mean": {
            "value": 1.0,
            "min": 1.0,
            "max": 1.0,
            "count": 68
        },
        "KartAgent.IsTraining.sum": {
            "value": 1.0,
            "min": 1.0,
            "max": 1.0,
            "count": 68
        },
        "KartAgent.Environment.EpisodeLength.mean": {
            "value": 1355.75,
            "min": 691.3333333333334,
            "max": 1903.0,
            "count": 66
        },
        "KartAgent.Environment.EpisodeLength.sum": {
            "value": 10846.0,
            "min": 1630.0,
            "max": 14377.0,
            "count": 66
        },
        "KartAgent.Environment.CumulativeReward.mean": {
            "value": 54.23440364424217,
            "min": 42.06814448422907,
            "max": 166.07739032812728,
            "count": 66
        },
        "KartAgent.Environment.CumulativeReward.sum": {
            "value": 488.1096327981795,
            "min": 208.5949609359959,
            "max": 1547.9407985085854,
            "count": 66
        },
        "KartAgent.Policy.ExtrinsicReward.mean": {
            "value": 54.23440364424217,
            "min": 42.06814448422907,
            "max": 166.07739032812728,
            "count": 66
        },
        "KartAgent.Policy.ExtrinsicReward.sum": {
            "value": 488.1096327981795,
            "min": 208.5949609359959,
            "max": 1547.9407985085854,
            "count": 66
        }
    },
    "metadata": {
        "timer_format_version": "0.1.0",
        "start_time_seconds": "1681292200",
        "python_version": "3.7.3 (v3.7.3:ef4ec6ed12, Mar 25 2019, 22:22:05) [MSC v.1916 64 bit (AMD64)]",
        "command_line_arguments": "F:\\Programming\\Unity\\Machine-learning-game\\Machine Learning Game\\venv\\Scripts\\mlagents-learn config/KartAgent.yaml --resume --run-id=KartTest16",
        "mlagents_version": "0.29.0",
        "mlagents_envs_version": "0.29.0",
        "communication_protocol_version": "1.5.0",
        "pytorch_version": "1.7.1+cu110",
        "numpy_version": "1.21.2",
        "end_time_seconds": "1681293084"
    },
    "total": 884.6106258,
    "count": 1,
    "self": 10.007714299999975,
    "children": {
        "run_training.setup": {
            "total": 0.11372789999999999,
            "count": 1,
            "self": 0.11372789999999999
        },
        "TrainerController.start_learning": {
            "total": 874.4891836,
            "count": 1,
            "self": 1.1764946000075724,
            "children": {
                "TrainerController._reset_env": {
                    "total": 6.2466986,
                    "count": 1,
                    "self": 6.2466986
                },
                "TrainerController.advance": {
                    "total": 866.9776281999926,
                    "count": 68149,
                    "self": 0.9988078999864456,
                    "children": {
                        "env_step": {
                            "total": 634.4289566000015,
                            "count": 68149,
                            "self": 496.924387500005,
                            "children": {
                                "SubprocessEnvManager._take_step": {
                                    "total": 136.75412039999304,
                                    "count": 68153,
                                    "self": 3.9104765999898063,
                                    "children": {
                                        "TorchPolicy.evaluate": {
                                            "total": 132.84364380000324,
                                            "count": 68153,
                                            "self": 81.50125000000384,
                                            "children": {
                                                "TorchPolicy.sample_actions": {
                                                    "total": 51.3423937999994,
                                                    "count": 68153,
                                                    "self": 51.3423937999994
                                                }
                                            }
                                        }
                                    }
                                },
                                "workers": {
                                    "total": 0.7504487000034139,
                                    "count": 68148,
                                    "self": 0.0,
                                    "children": {
                                        "worker_root": {
                                            "total": 761.6526103000114,
                                            "count": 68148,
                                            "is_parallel": true,