{
    "name": "root",
    "metadata": {
        "timer_format_version": "0.1.0",
        "start_time_seconds": "1681303619",
        "python_version": "3.7.3 (v3.7.3:ef4ec6ed12, Mar 25 2019, 22:22:05) [MSC v.1916 64 bit (AMD64)]",
        "command_line_arguments": "F:\\Programming\\Unity\\Machine-learning-game\\Machine Learning Game\\venv\\Scripts\\mlagents-learn config/KartAgent.yaml --run-id=KartImitation6",
        "mlagents_version": "0.29.0",
        "mlagents_envs_version": "0.29.0",
        "communication_protocol_version": "1.5.0",
        "pytorch_version": "1.7.1+cu110",
        "numpy_version": "1.21.2",
        "end_time_seconds": "1681303719"
    },
    "total": 100.462348,
    "count": 1,
    "self": 0.00661370000001682,
    "children": {
        "run_training.setup": {
            "total": 0.12060240000000011,
            "count": 1,
            "self": 0.12060240000000011
        },
        "TrainerController.start_learning": {
            "total": 100.3351319,
            "count": 1,
            "self": 0.09637759999964146,
            "children": {
                "TrainerController._reset_env": {
                    "total": 35.105972200000004,
                    "count": 1,
                    "self": 17.839814000000004,
                    "children": {
                        "demo_to_buffer": {
                            "total": 17.2661582,
                            "count": 2,
                            "self": 0.0005205000000003679,
                            "children": {
                                "load_demonstration": {
                                    "total": 0.3274015000000041,
                                    "count": 2,
                                    "self": 0.3227268000000052,
                                    "children": {
                                        "read_file": {
                                            "total": 0.004674699999998921,
                                            "count": 2,
                                            "self": 0.004674699999998921
                                        }
                                    }
                                },
                                "make_demo_buffer": {
                                    "total": 16.938236199999995,
                                    "count": 2,
                                    "self": 2.725525400000695,
                                    "children": {
                                        "steps_from_proto": {
                                            "total": 14.2127107999993,
                                            "count": 125296,
                                            "self": 7.359967800000078,
                                            "children": {
                                                "_process_rank_one_or_two_observation": {
                                                    "total": 6.852742999999222,
                                                    "count": 501184,
                                                    "self": 6.852742999999222
                                                }
                                            }
                                        }
                                    }
                                }
                            }
                        }
                    }
                },
                "TrainerController.advance": {
                    "total": 65.04669280000034,
                    "count": 7726,
                    "self": 0.09085970000027999,
                    "children": {
                        "env_step": {
                            "total": 46.20683849999976,
                            "count": 7726,
                            "self": 30.800186100000296,
                            "children": {
                                "SubprocessEnvManager._take_step": {
                                    "total": 15.342541099999167,
                                    "count": 7726,
                                    "self": 0.31221999999965533,
                                    "children": {
                                        "TorchPolicy.evaluate": {
                                            "total": 15.030321099999512,
                                            "count": 7726,
                                            "self": 9.45268429999986,
                                            "children": {
                                                "TorchPolicy.sample_actions": {
                                                    "total": 5.577636799999652,
                                                    "count": 7726,
                                                    "self": 5.577636799999652
                                                }
                                            }
                                        }
                                    }
                                },
                                "workers": {
                                    "total": 0.06411130000029885,
                                    "count": 7725,
                                    "self": 0.0,
                                    "children": {
                                        "worker_root": {
                                            "total": 72.46298709999954,
                                            "count": 7725,
                                            "is_parallel": true,
                                            "self": 56.874700399999064,
                                            "children": {
                                                "steps_from_proto": {
                                                    "total": 0.0004372000000003595,
                                                    "count": 1,
                                                    "is_parallel": true,
                                                    "self": 0.00014599999999731494,
                                                    "children": {
                                                        "_process_rank_one_or_two_observation": {
                                                            "total": 0.0002912000000030446,
                                                            "count": 4,
                                                            "is_parallel": true,
                                                            "self": 0.0002912000000030446
                                                        }
                                                    }
                                                },
                                                "UnityEnvironment.step": {
                                                    "total": 15.587849500000473,
                                                    "count": 7725,
                                                    "is_parallel": true,
                                                    "self": 0.35556799999910993,
                                                    "children": {
                                                        "UnityEnvironment._generate_step_input": {
                                                            "total": 0.27134310000118944,
                                                            "count": 7725,
                                                            "is_parallel": true,
                                                            "self": 0.27134310000118944
                                                        },
                                                        "communicator.exchange": {
                                                            "total": 13.841112800000126,
                                                            "count": 7725,
                                                            "is_parallel": true,