{
    "name": "root",
    "gauges": {
        "KartAgent.Policy.Entropy.mean": {
            "value": 0.30879390239715576,
            "min": 0.30879390239715576,
            "max": 1.183526873588562,
            "count": 3
        },
        "KartAgent.Policy.Entropy.sum": {
            "value": 3140.43408203125,
            "min": 3140.43408203125,
            "max": 12071.9736328125,
            "count": 3
        },
        "KartAgent.Step.mean": {
            "value": 29994.0,
            "min": 9944.0,
            "max": 29994.0,
            "count": 3
        },
        "KartAgent.Step.sum": {
            "value": 29994.0,
            "min": 9944.0,
            "max": 29994.0,
            "count": 3
        },
        "KartAgent.Policy.ExtrinsicValueEstimate.mean": {
            "value": -10.673974990844727,
            "min": -10.673974990844727,
            "max": 0.6227001547813416,
            "count": 3
        },
        "KartAgent.Policy.ExtrinsicValueEstimate.sum": {
            "value": -1686.488037109375,
            "min": -1686.488037109375,
            "max": 97.14122772216797,
            "count": 3
        },
        "KartAgent.Policy.GailValueEstimate.mean": {
            "value": 40.76289367675781,
            "min": 4.567484378814697,
            "max": 40.76289367675781,
            "count": 3
        },
        "KartAgent.Policy.GailValueEstimate.sum": {
            "value": 6440.537109375,
            "min": 712.5275268554688,
            "max": 6440.537109375,
            "count": 3
        },
        "KartAgent.Losses.PolicyLoss.mean": {
            "value": 0.04243231613266592,
            "min": 0.04243231613266592,
            "max": 0.04924758587342998,
            "count": 3
        },
        "KartAgent.Losses.PolicyLoss.sum": {
            "value": 0.33945852906132734,
            "min": 0.33945852906132734,
            "max": 0.37477423346911864,
            "count": 3
        },
        "KartAgent.Losses.ValueLoss.mean": {
            "value": 24.779766825834912,
            "min": 23.280008574326832,
            "max": 39.57633530298869,
            "count": 3
        },
        "KartAgent.Losses.ValueLoss.sum": {
            "value": 198.2381346066793,
            "min": 186.24006859461466,
            "max": 277.0343471209208,
            "count": 3
        },
        "KartAgent.Policy.LearningRate.mean": {
            "value": 0.00029985093754968746,
            "min": 0.00029985093754968746,
            "max": 0.00029996934858164567,
            "count": 3
        },
        "KartAgent.Policy.LearningRate.sum": {
            "value": 0.0023988075003974997,
            "min": 0.00209978544007152,
            "max": 0.00239929656023448,
            "count": 3
        },
        "KartAgent.Policy.Epsilon.mean": {
            "value": 0.1999503125,
            "min": 0.1999503125,
            "max": 0.19998978285714286,
            "count": 3
        },
        "KartAgent.Policy.Epsilon.sum": {
            "value": 1.5996025,
            "min": 1.39992848,
            "max": 1.5997655199999996,
            "count": 3
        },
        "KartAgent.Policy.Beta.mean": {
            "value": 0.00049975653125,
            "min": 0.00049975653125,
            "max": 0.000499949936,
            "count": 3
        },
        "KartAgent.Policy.Beta.sum": {
            "value": 0.00399805225,
            "min": 0.003499649552,
            "max": 0.003998851047999999,
            "count": 3
        },
        "KartAgent.Policy.GAILPolicyEstimate.mean": {
            "value": 0.4005809503297011,
            "min": 0.4005809503297011,
            "max": 0.46193671866009633,
            "count": 3
        },
        "KartAgent.Policy.GAILPolicyEstimate.sum": {
            "value": 3.2046476026376087,
            "min": 3.085703155398369,
            "max": 3.6954937492807707,
            "count": 3
        },
        "KartAgent.Policy.GAILExpertEstimate.mean": {
            "value": 0.6325181474288304,
            "min": 0.4237239355842272,
            "max": 0.6325181474288304,
            "count": 3
        },
        "KartAgent.Policy.GAILExpertEstimate.sum": {
            "value": 5.060145179430643,
            "min": 2.9660675490895905,
            "max": 5.060145179430643,
            "count": 3
        },
        "KartAgent.Losses.GAILLoss.mean": {
            "value": 1.0508893714596828,
            "min": 1.0508893714596828,
            "max": 1.4757881516502016,
            "count": 3
        },
        "KartAgent.Losses.GAILLoss.sum": {
            "value": 8.407114971677462,
            "min": 8.407114971677462,
            "max": 10.59823879202207,
            "count": 3
        },
        "KartAgent.Policy.GAILGradMagLoss.mean": {
            "value": 0.27309982978428404,
            "min": 0.27309982978428404,
            "max": 5.46583821092333,
            "count": 3
        },
        "KartAgent.Policy.GAILGradMagLoss.sum": {
            "value": 2.1847986382742723,
            "min": 2.1847986382742723,
            "max": 38.26086747646331,
            "count": 3
        },
        "KartAgent.Losses.PretrainingLoss.mean": {
            "value": 0.2136644514867924,
            "min": 0.2136644514867924,
            "max": 0.7716295263387561,
            "count": 3
        },
        "KartAgent.Losses.PretrainingLoss.sum": {
            "value": 1.7093156118943391,
            "min": 1.7093156118943391,
            "max": 5.401406684371293,
            "count": 3
        },
        "KartAgent.Environment.EpisodeLength.mean": {
            "value": 699.5,
            "min": 699.0,
            "max": 699.5,
            "count": 3
        },
        "KartAgent.Environment.EpisodeLength.sum": {
            "value": 13990.0,
            "min": 6990.0,
            "max": 13990.0,
            "count": 3
        },
        "KartAgent.Environment.CumulativeReward.mean": {
            "value": -328.24999471975605,
            "min": -328.24999471975605,
            "max": 26.083400418993552,
            "count": 3
        },
        "KartAgent.Environment.CumulativeReward.sum": {
            "value": -6564.999894395121,
            "min": -6564.999894395121,
            "max": 260.8340041899355,
            "count": 3
        },
        "KartAgent.Policy.ExtrinsicReward.mean": {
            "value": -98.47500648405112,
            "min": -98.47500648405112,
            "max": 7.825021590647521,
            "count": 3
        },
        "KartAgent.Policy.ExtrinsicReward.sum": {
            "value": -1969.5001296810224,
            "min": -1969.5001296810224,
            "max": 78.2502159064752,
            "count": 3
        },
        "KartAgent.Policy.GailReward.mean": {
            "value": 300.02606401443484,
            "min": 285.94629402160643,
            "max": 339.36837539672854,
            "count": 3
        },
        "KartAgent.Policy.GailReward.sum": {
            "value": 6000.521280288696,
            "min": 2859.4629402160645,
            "max": 6000.521280288696,
            "count": 3
        },
        "KartAgent.IsTraining.mean": {
            "value": 1.0,
            "min": 1.0,
            "max": 1.0,
            "count": 3
        },
        "KartAgent.IsTraining.sum": {
            "value": 1.0,
            "min": 1.0,
            "max": 1.0,
            "count": 3
        }
    },
    "metadata": {
        "timer_format_version": "0.1.0",
        "start_time_seconds": "1681304134",
        "python_version": "3.7.3 (v3.7.3:ef4ec6ed12, Mar 25 2019, 22:22:05) [MSC v.1916 64 bit (AMD64)]",
        "command_line_arguments": "F:\\Programming\\Unity\\Machine-learning-game\\Machine Learning Game\\venv\\Scripts\\mlagents-learn config/KartAgent.yaml --run-id=ImitationKart6",
        "mlagents_version": "0.29.0",
        "mlagents_envs_version": "0.29.0",
        "communication_protocol_version": "1.5.0",
        "pytorch_version": "1.7.1+cu110",
        "numpy_version": "1.21.2",